{
    "best_model": "logistic_regression",
    "results": {
        "logistic_regression": {
            "accuracy": 0.8933,
            "confusion_matrix": [
                [
                    67,
                    5
                ],
                [
                    11,
                    67
                ]
            ],
            "classification_report": {
                "0": {
                    "precision": 0.8589743589743589,
                    "recall": 0.9305555555555556,
                    "f1-score": 0.8933333333333333,
                    "support": 72.0
                },
                "1": {
                    "precision": 0.9305555555555556,
                    "recall": 0.8589743589743589,
                    "f1-score": 0.8933333333333333,
                    "support": 78.0
                },
                "accuracy": 0.8933333333333333,
                "macro avg": {
                    "precision": 0.8947649572649572,
                    "recall": 0.8947649572649572,
                    "f1-score": 0.8933333333333333,
                    "support": 150.0
                },
                "weighted avg": {
                    "precision": 0.8961965811965812,
                    "recall": 0.8933333333333333,
                    "f1-score": 0.8933333333333333,
                    "support": 150.0
                }
            }
        },
        "random_forest": {
            "accuracy": 0.7933,
            "confusion_matrix": [
                [
                    54,
                    18
                ],
                [
                    13,
                    65
                ]
            ],
            "classification_report": {
                "0": {
                    "precision": 0.8059701492537313,
                    "recall": 0.75,
                    "f1-score": 0.7769784172661871,
                    "support": 72.0
                },
                "1": {
                    "precision": 0.7831325301204819,
                    "recall": 0.8333333333333334,
                    "f1-score": 0.8074534161490683,
                    "support": 78.0
                },
                "accuracy": 0.7933333333333333,
                "macro avg": {
                    "precision": 0.7945513396871067,
                    "recall": 0.7916666666666667,
                    "f1-score": 0.7922159167076277,
                    "support": 150.0
                },
                "weighted avg": {
                    "precision": 0.7940945873044416,
                    "recall": 0.7933333333333333,
                    "f1-score": 0.7928254166852853,
                    "support": 150.0
                }
            }
        }
    },
    "features": [
        "cgpa",
        "iq",
        "communication_skills",
        "projects",
        "internship_experience",
        "aptitude",
        "technical_skills",
        "backlogs",
        "extracurricular_activities"
    ],
    "target": "placed",
    "labels": {
        "0": "Not Placed",
        "1": "Placed"
    }
}